{
  "auroc_trust_vs_failure": 0.5751,
  "auroc_vfstd_vs_failure": 0.6191,
  "auroc_reliability_lr": 0.7603,
  "auroc_reliability_mlp": 0.7417,
  "auroc_reliability_rf": 0.8616,
  "optimal_trust_threshold": 0.6975,
  "optimal_trust_sensitivity": 0.7727,
  "optimal_trust_specificity": 0.5455,
  "failure_prevalence": 0.9231,
  "cases_flagged_at_optimal": 106,
  "cases_total": 143,
  "workload_reduction_fraction": 0.2587,
  "missed_failure_rate": 0.8378,
  "roc_fpr": [
    0.0,
    0.0,
    0.0,
    0.090909,
    0.090909,
    0.272727,
    0.272727,
    0.363636,
    0.363636,
    0.454545,
    0.454545,
    0.545455,
    0.545455,
    0.727273,
    0.727273,
    0.818182,
    0.818182,
    1.0,
    1.0
  ],
  "roc_tpr": [
    0.0,
    0.007576,
    0.05303,
    0.05303,
    0.143939,
    0.143939,
    0.340909,
    0.340909,
    0.568182,
    0.568182,
    0.772727,
    0.772727,
    0.810606,
    0.810606,
    0.818182,
    0.818182,
    0.931818,
    0.931818,
    1.0
  ],
  "roc_fpr_reliability": [
    0.0,
    0.0,
    0.0,
    0.090909,
    0.090909,
    0.090909,
    0.090909,
    0.181818,
    0.181818,
    0.272727,
    0.272727,
    0.363636,
    0.363636,
    0.454545,
    0.454545,
    0.636364,
    0.636364,
    0.727273,
    0.727273,
    1.0
  ],
  "roc_tpr_reliability": [
    0.0,
    0.022727,
    0.492424,
    0.492424,
    0.681818,
    0.69697,
    0.772727,
    0.772727,
    0.810606,
    0.810606,
    0.818182,
    0.818182,
    0.856061,
    0.856061,
    0.878788,
    0.878788,
    0.969697,
    0.969697,
    1.0,
    1.0
  ],
  "per_cohort_results": {
    "adam_holdout": {
      "n": 23,
      "n_failures": 19,
      "failure_prevalence": 0.8261,
      "auroc_trust_vs_failure": 0.3421
    },
    "adam_train": {
      "n": 90,
      "n_failures": 83,
      "failure_prevalence": 0.9222,
      "auroc_trust_vs_failure": 0.7057
    },
    "indian_car_inference_only": {
      "n": 30,
      "n_failures": 30,
      "failure_prevalence": 1.0,
      "auroc_trust_vs_failure": null,
      "note": "all cases are failures"
    }
  },
  "interpretation": "At the optimal trust threshold of 0.70, 25.9% of cases would be auto-accepted, missing 83.8% of failures among those auto-accepted cases. This enables a clinical workflow where 106 of 143 cases are routed for expert review, reducing radiologist workload by 25.9% while maintaining a sensitivity of 0.77 for failure detection.",
  "clinical_workflow": {
    "auto_accept_above_trust": 0.6975,
    "flag_for_review_below_trust": 0.6975,
    "expected_workload_reduction_pct": 25.9,
    "expected_missed_failure_pct": 83.8
  }
}