{
  "policy": {
    "adam_training_used": true,
    "indian_training_used": false,
    "indian_inference_only": true
  },
  "dataset_counts": {
    "adam_total": 113,
    "adam_train": 90,
    "adam_holdout": 23,
    "indian_car": 30,
    "indian_ncar": 10
  },
  "model": {
    "type": "SwinUNETR_v2_MC_Dropout",
    "feature_size": 48,
    "mc_samples": 20,
    "best_checkpoint": "/workspace/AEGIS/outputs/miccai2026_v4/checkpoints/best_model.pt",
    "device": "cuda"
  },
  "cohort_summaries": [
    {
      "cohort": "adam_train",
      "cases_with_gt": 90,
      "dice_mean": 0.04230772480820379,
      "dice_std": 0.14965983712551173,
      "iou_mean": 0.029931811217272196,
      "iou_std": 0.10923757788905207,
      "sensitivity_mean": 0.07534617860488263,
      "sensitivity_std": 0.1891198197142532,
      "specificity_mean": 0.9930060802039239,
      "specificity_std": 0.011199009586710407,
      "precision_mean": 0.04064869058442065,
      "precision_std": 0.1505296447147772,
      "trust_score_mean": 0.6875377313958274,
      "trust_score_std": 0.02422750186396409
    },
    {
      "cohort": "adam_holdout",
      "cases_with_gt": 23,
      "dice_mean": 0.06927220519463666,
      "dice_std": 0.15543681338184245,
      "iou_mean": 0.04411591528847034,
      "iou_std": 0.10271569254433771,
      "sensitivity_mean": 0.11325004134550687,
      "sensitivity_std": 0.20229841476900756,
      "specificity_mean": 0.9949396585643813,
      "specificity_std": 0.0033378121878757925,
      "precision_mean": 0.06868117135471732,
      "precision_std": 0.16066174591863944,
      "trust_score_mean": 0.6889102912467459,
      "trust_score_std": 0.022273244975009925
    },
    {
      "cohort": "indian_car_inference_only",
      "cases_with_gt": 30,
      "dice_mean": 0.0025755454037237565,
      "dice_std": 0.01050508412085247,
      "iou_mean": 0.0013178482639550646,
      "iou_std": 0.00540288279884846,
      "sensitivity_mean": 0.08560758084058931,
      "sensitivity_std": 0.2228804320272175,
      "specificity_mean": 0.9959324059193666,
      "specificity_std": 0.0029966244384126276,
      "precision_mean": 0.0013406925238202048,
      "precision_std": 0.005517077216037391,
      "trust_score_mean": 0.6927344709634781,
      "trust_score_std": 0.026821000645378342
    },
    {
      "cohort": "indian_ncar_inference_only",
      "cases_with_gt": 0
    }
  ],
  "config": {
    "adam_train_fraction": 0.8,
    "min_adam_train_cases": 5,
    "seed": 2026,
    "mc_samples": 20,
    "mc_samples_train": 5,
    "sw_batch_size": 8,
    "save_nifti_outputs": true,
    "save_qualitative_npz": true,
    "require_gpu": true,
    "num_epochs": 200,
    "batch_size": 2,
    "learning_rate": 0.0002,
    "weight_decay": 1e-05,
    "patch_size": [
      96,
      96,
      96
    ],
    "samples_per_volume": 4,
    "val_interval": 5,
    "early_stopping_patience": 30,
    "gradient_clip_max_norm": 1.0,
    "warmup_epochs": 10,
    "img_size": [
      96,
      96,
      96
    ],
    "feature_size": 48,
    "drop_rate": 0.1,
    "attn_drop_rate": 0.1,
    "dropout_path_rate": 0.1,
    "use_pretrained": true,
    "failure_dice_threshold": 0.1,
    "generate_figures": true,
    "run_failure_analysis": true,
    "run_reliability_module": true
  },
  "artifacts": {
    "per_case_csv": "/workspace/AEGIS/outputs/miccai2026_v4/reports/per_case_metrics.csv",
    "predictions_dir": "/workspace/AEGIS/outputs/miccai2026_v4/predictions",
    "uncertainty_dir": "/workspace/AEGIS/outputs/miccai2026_v4/uncertainty",
    "qualitative_dir": "/workspace/AEGIS/outputs/miccai2026_v4/qualitative",
    "checkpoints_dir": "/workspace/AEGIS/outputs/miccai2026_v4/checkpoints",
    "figures": [
      "/workspace/AEGIS/outputs/miccai2026_v4/figures/panels/002_panel.png",
      "/workspace/AEGIS/outputs/miccai2026_v4/figures/panels/003_panel.png",
      "/workspace/AEGIS/outputs/miccai2026_v4/figures/panels/004_panel.png",
      "/workspace/AEGIS/outputs/miccai2026_v4/figures/panels/005_panel.png",
      "/workspace/AEGIS/outputs/miccai2026_v4/figures/panels/006_panel.png",
      "/workspace/AEGIS/outputs/miccai2026_v4/figures/panels/007_panel.png",
      "/workspace/AEGIS/outputs/miccai2026_v4/figures/panels/008_panel.png",
      "/workspace/AEGIS/outputs/miccai2026_v4/figures/panels/009_panel.png",
      "/workspace/AEGIS/outputs/miccai2026_v4/figures/panels/010_panel.png",
      "/workspace/AEGIS/outputs/miccai2026_v4/figures/panels/012_panel.png",
      "/workspace/AEGIS/outputs/miccai2026_v4/figures/panels/013_panel.png",
      "/workspace/AEGIS/outputs/miccai2026_v4/figures/panels/015_panel.png",
      "/workspace/AEGIS/outputs/miccai2026_v4/figures/panels/017_panel.png",
      "/workspace/AEGIS/outputs/miccai2026_v4/figures/panels/018_panel.png",
      "/workspace/AEGIS/outputs/miccai2026_v4/figures/panels/019_panel.png",
      "/workspace/AEGIS/outputs/miccai2026_v4/figures/panels/020_panel.png",
      "/workspace/AEGIS/outputs/miccai2026_v4/figures/panels/021_panel.png",
      "/workspace/AEGIS/outputs/miccai2026_v4/figures/panels/022_panel.png",
      "/workspace/AEGIS/outputs/miccai2026_v4/figures/panels/023_panel.png",
      "/workspace/AEGIS/outputs/miccai2026_v4/figures/panels/024_panel.png",
      "/workspace/AEGIS/outputs/miccai2026_v4/figures/panels/025_panel.png",
      "/workspace/AEGIS/outputs/miccai2026_v4/figures/panels/026_panel.png",
      "/workspace/AEGIS/outputs/miccai2026_v4/figures/panels/027_panel.png",
      "/workspace/AEGIS/outputs/miccai2026_v4/figures/panels/028_panel.png",
      "/workspace/AEGIS/outputs/miccai2026_v4/figures/panels/030_panel.png",
      "/workspace/AEGIS/outputs/miccai2026_v4/figures/panels/032_panel.png",
      "/workspace/AEGIS/outputs/miccai2026_v4/figures/panels/033_panel.png",
      "/workspace/AEGIS/outputs/miccai2026_v4/figures/panels/034_panel.png",
      "/workspace/AEGIS/outputs/miccai2026_v4/figures/panels/035_panel.png",
      "/workspace/AEGIS/outputs/miccai2026_v4/figures/panels/036_panel.png",
      "/workspace/AEGIS/outputs/miccai2026_v4/figures/panels/037_panel.png",
      "/workspace/AEGIS/outputs/miccai2026_v4/figures/panels/038_panel.png",
      "/workspace/AEGIS/outputs/miccai2026_v4/figures/panels/039_panel.png",
      "/workspace/AEGIS/outputs/miccai2026_v4/figures/panels/040_panel.png",
      "/workspace/AEGIS/outputs/miccai2026_v4/figures/panels/042_panel.png",
      "/workspace/AEGIS/outputs/miccai2026_v4/figures/panels/043_panel.png",
      "/workspace/AEGIS/outputs/miccai2026_v4/figures/panels/44b_panel.png",
      "/workspace/AEGIS/outputs/miccai2026_v4/figures/panels/44f_panel.png",
      "/workspace/AEGIS/outputs/miccai2026_v4/figures/panels/45b_panel.png",
      "/workspace/AEGIS/outputs/miccai2026_v4/figures/panels/45f_panel.png",
      "/workspace/AEGIS/outputs/miccai2026_v4/figures/panels/46b_panel.png",
      "/workspace/AEGIS/outputs/miccai2026_v4/figures/panels/46f_panel.png",
      "/workspace/AEGIS/outputs/miccai2026_v4/figures/panels/47b_panel.png",
      "/workspace/AEGIS/outputs/miccai2026_v4/figures/panels/47f_panel.png",
      "/workspace/AEGIS/outputs/miccai2026_v4/figures/panels/48b_panel.png",
      "/workspace/AEGIS/outputs/miccai2026_v4/figures/panels/48f_panel.png",
      "/workspace/AEGIS/outputs/miccai2026_v4/figures/panels/49f_panel.png",
      "/workspace/AEGIS/outputs/miccai2026_v4/figures/panels/50b_panel.png",
      "/workspace/AEGIS/outputs/miccai2026_v4/figures/panels/51b_panel.png",
      "/workspace/AEGIS/outputs/miccai2026_v4/figures/panels/51f_panel.png",
      "/workspace/AEGIS/outputs/miccai2026_v4/figures/panels/52b_panel.png",
      "/workspace/AEGIS/outputs/miccai2026_v4/figures/panels/52f_panel.png",
      "/workspace/AEGIS/outputs/miccai2026_v4/figures/panels/53b_panel.png",
      "/workspace/AEGIS/outputs/miccai2026_v4/figures/panels/54b_panel.png",
      "/workspace/AEGIS/outputs/miccai2026_v4/figures/panels/55f_panel.png",
